﻿<?xml version="1.0" encoding="utf-8"?>
<!--DO NOT EDIT. This document is generated by PSoC Creator design builds.-->
<PSoCCreatorIdeExport Version="1">
  <Device Part="CY8C5888LTI-LP097" Processor="CortexM3" DeviceID="2E161069" />
  <Toolchains>
    <Toolchain Name="ARM GCC Generic" Selected="True">
      <Tool Name="prebuild" Command="" Options="" />
      <Tool Name="assembler" Command="arm-none-eabi-as.exe" Options="-mcpu=cortex-m3 -mthumb -I. -IGenerated_Source\PSoC5 -alh=${OutputDir}/${CompileFile}.lst -g -W" />
      <Tool Name="compiler" Command="arm-none-eabi-gcc.exe" Options="-mcpu=cortex-m3 -mthumb -Wno-main -I. -IGenerated_Source\PSoC5 -Wa,-alh=${OutputDir}/${CompileFile}.lst -g -D DEBUG -Wall -ffunction-sections -O0 -ffat-lto-objects" />
      <Tool Name="linker" Command="arm-none-eabi-gcc.exe" Options="-mcpu=cortex-m3 -mthumb -g -ffunction-sections -O0 -ffat-lto-objects -L Generated_Source\PSoC5 -Wl,-Map,${OutputDir}/${ProjectShortName}.map -T Generated_Source\PSoC5\cm3gcc.ld -specs=nano.specs -Wl,--gc-sections" />
      <Tool Name="postbuild" Command="" Options="" />
    </Toolchain>
    <Toolchain Name="ARM MDK Generic" Selected="False">
      <Tool Name="prebuild" Command="" Options="" />
      <Tool Name="assembler" Command="armasm.exe" Options="--cpu=Cortex-M3 --diag_style=gnu --thumb -i. -iGenerated_Source\PSoC5 -g --list=${OutputDir}/${CompileFile}.lst" />
      <Tool Name="compiler" Command="armcc.exe" Options="--cpu=Cortex-M3 --diag_style=gnu --diag_suppress=951 -I. -IGenerated_Source\PSoC5 --list --signed_chars -g -D DEBUG -O0 --split_sections" />
      <Tool Name="linker" Command="armlink.exe" Options="--cpu=Cortex-M3 --diag_style=gnu --no_startup --library_type=microlib --map --list ${OutputDir}/${ProjectShortName}.map --scatter Generated_Source\PSoC5\Cm3RealView.scat" />
      <Tool Name="postbuild" Command="" Options="" />
    </Toolchain>
    <Toolchain Name="ARM IAR Generic" Selected="False">
      <Tool Name="prebuild" Command="" Options="" />
      <Tool Name="assembler" Command="iasmarm.exe" Options="--cpu Cortex-M3 -I. -IGenerated_Source\PSoC5 -s+ -M&lt;&gt; -w+ -r -DDEBUG --fpu None" />
      <Tool Name="compiler" Command="iccarm.exe" Options="--cpu Cortex-M3 -I. -IGenerated_Source\PSoC5 -D DEBUG --no_cse --no_unroll --no_inline --no_code_motion --no_tbaa --no_clustering --no_scheduling --debug --endian=little -e --fpu=None -On --no_wrap_diagnostics" />
      <Tool Name="linker" Command="ilinkarm.exe" Options="--semihosting --entry __iar_program_start --config Generated_Source\PSoC5\Cm3Iar.icf" />
      <Tool Name="postbuild" Command="" Options="" />
    </Toolchain>
  </Toolchains>
  <Project Name="CS301_Class" Path="D:\CS301_Class.cydsn" Version="5.40" Type="Normal">
    <CMSIS_SVD_File>CS301_Class.svd</CMSIS_SVD_File>
    <Datasheet />
    <LinkerFiles>
      <LinkerFile Toolchain="ARM GCC Generic">.\Generated_Source\PSoC5\cm3gcc.ld</LinkerFile>
      <LinkerFile Toolchain="ARM MDK Generic">.\Generated_Source\PSoC5\Cm3RealView.scat</LinkerFile>
      <LinkerFile Toolchain="ARM IAR Generic">.\Generated_Source\PSoC5\Cm3Iar.icf</LinkerFile>
    </LinkerFiles>
    <Folders>
      <Folder BuildType="BUILD" Path="D:\CS301_Class.cydsn">
        <Files Root="D:\CS301_Class.cydsn">
          <File BuildType="BUILD" Toolchain="">.\main.c</File>
          <File BuildType="BUILD" Toolchain="">.\tacho.c</File>
          <File BuildType="BUILD" Toolchain="">.\astar.c</File>
          <File BuildType="BUILD" Toolchain="">.\defines.h</File>
          <File BuildType="BUILD" Toolchain="">.\vars.h</File>
          <File BuildType="BUILD" Toolchain="">.\astar.h</File>
        </Files>
      </Folder>
      <Folder BuildType="STRICT" Path="D:\CS301_Class.cydsn\Generated_Source\PSoC5">
        <Files Root="D:\CS301_Class.cydsn">
          <File BuildType="BUILD" Toolchain="">.\Generated_Source\PSoC5\cyfitter_cfg.h</File>
          <File BuildType="BUILD" Toolchain="">.\Generated_Source\PSoC5\cyfitter_cfg.c</File>
          <File BuildType="BUILD" Toolchain="">.\Generated_Source\PSoC5\cymetadata.c</File>
          <File BuildType="BUILD" Toolchain="">.\Generated_Source\PSoC5\cydevice.h</File>
          <File BuildType="BUILD" Toolchain="">.\Generated_Source\PSoC5\cydevicegnu.inc</File>
          <File BuildType="BUILD" Toolchain="">.\Generated_Source\PSoC5\cydevicerv.inc</File>
          <File BuildType="BUILD" Toolchain="">.\Generated_Source\PSoC5\cydeviceiar.inc</File>
          <File BuildType="BUILD" Toolchain="">.\Generated_Source\PSoC5\cydevice_trm.h</File>
          <File BuildType="BUILD" Toolchain="">.\Generated_Source\PSoC5\cydevicegnu_trm.inc</File>
          <File BuildType="BUILD" Toolchain="">.\Generated_Source\PSoC5\cydevicerv_trm.inc</File>
          <File BuildType="BUILD" Toolchain="">.\Generated_Source\PSoC5\cydeviceiar_trm.inc</File>
          <File BuildType="BUILD" Toolchain="">.\Generated_Source\PSoC5\cyfittergnu.inc</File>
          <File BuildType="BUILD" Toolchain="">.\Generated_Source\PSoC5\cyfitterrv.inc</File>
          <File BuildType="BUILD" Toolchain="">.\Generated_Source\PSoC5\cyfitteriar.inc</File>
          <File BuildType="BUILD" Toolchain="">.\Generated_Source\PSoC5\cyfitter.h</File>
          <File BuildType="BUILD" Toolchain="">.\Generated_Source\PSoC5\cydisabledsheets.h</File>
          <File BuildType="BUILD" Toolchain="">.\Generated_Source\PSoC5\A0_aliases.h</File>
          <File BuildType="BUILD" Toolchain="">.\Generated_Source\PSoC5\A0.c</File>
          <File BuildType="BUILD" Toolchain="">.\Generated_Source\PSoC5\A0.h</File>
          <File BuildType="BUILD" Toolchain="">.\Generated_Source\PSoC5\ADC.c</File>
          <File BuildType="BUILD" Toolchain="">.\Generated_Source\PSoC5\ADC.h</File>
          <File BuildType="BUILD" Toolchain="">.\Generated_Source\PSoC5\ADC_PM.c</File>
          <File BuildType="BUILD" Toolchain="">.\Generated_Source\PSoC5\ADC_INT.c</File>
          <File BuildType="BUILD" Toolchain="">.\Generated_Source\PSoC5\A1_aliases.h</File>
          <File BuildType="BUILD" Toolchain="">.\Generated_Source\PSoC5\A1.c</File>
          <File BuildType="BUILD" Toolchain="">.\Generated_Source\PSoC5\A1.h</File>
          <File BuildType="BUILD" Toolchain="">.\Generated_Source\PSoC5\A2_aliases.h</File>
          <File BuildType="BUILD" Toolchain="">.\Generated_Source\PSoC5\A2.c</File>
          <File BuildType="BUILD" Toolchain="">.\Generated_Source\PSoC5\A2.h</File>
          <File BuildType="BUILD" Toolchain="">.\Generated_Source\PSoC5\A3_aliases.h</File>
          <File BuildType="BUILD" Toolchain="">.\Generated_Source\PSoC5\A3.c</File>
          <File BuildType="BUILD" Toolchain="">.\Generated_Source\PSoC5\A3.h</File>
          <File BuildType="BUILD" Toolchain="">.\Generated_Source\PSoC5\A4_aliases.h</File>
          <File BuildType="BUILD" Toolchain="">.\Generated_Source\PSoC5\A4.c</File>
          <File BuildType="BUILD" Toolchain="">.\Generated_Source\PSoC5\A4.h</File>
          <File BuildType="BUILD" Toolchain="">.\Generated_Source\PSoC5\A5_aliases.h</File>
          <File BuildType="BUILD" Toolchain="">.\Generated_Source\PSoC5\A5.c</File>
          <File BuildType="BUILD" Toolchain="">.\Generated_Source\PSoC5\A5.h</File>
          <File BuildType="BUILD" Toolchain="">.\Generated_Source\PSoC5\A6_aliases.h</File>
          <File BuildType="BUILD" Toolchain="">.\Generated_Source\PSoC5\A6.c</File>
          <File BuildType="BUILD" Toolchain="">.\Generated_Source\PSoC5\A6.h</File>
          <File BuildType="BUILD" Toolchain="">.\Generated_Source\PSoC5\A7_aliases.h</File>
          <File BuildType="BUILD" Toolchain="">.\Generated_Source\PSoC5\A7.c</File>
          <File BuildType="BUILD" Toolchain="">.\Generated_Source\PSoC5\A7.h</File>
          <File BuildType="BUILD" Toolchain="">.\Generated_Source\PSoC5\isr_TS.c</File>
          <File BuildType="BUILD" Toolchain="">.\Generated_Source\PSoC5\isr_TS.h</File>
          <File BuildType="BUILD" Toolchain="">.\Generated_Source\PSoC5\Timer_TS.c</File>
          <File BuildType="BUILD" Toolchain="">.\Generated_Source\PSoC5\Timer_TS.h</File>
          <File BuildType="BUILD" Toolchain="">.\Generated_Source\PSoC5\Timer_TS_PM.c</File>
          <File BuildType="BUILD" Toolchain="">.\Generated_Source\PSoC5\USBUART.c</File>
          <File BuildType="BUILD" Toolchain="">.\Generated_Source\PSoC5\USBUART.h</File>
          <File BuildType="BUILD" Toolchain="">.\Generated_Source\PSoC5\USBUART_audio.c</File>
          <File BuildType="BUILD" Toolchain="">.\Generated_Source\PSoC5\USBUART_audio.h</File>
          <File BuildType="BUILD" Toolchain="">.\Generated_Source\PSoC5\USBUART_boot.c</File>
          <File BuildType="BUILD" Toolchain="">.\Generated_Source\PSoC5\USBUART_cdc.c</File>
          <File BuildType="BUILD" Toolchain="">.\Generated_Source\PSoC5\USBUART_cdc.h</File>
          <File BuildType="BUILD" Toolchain="">.\Generated_Source\PSoC5\USBUART_cls.c</File>
          <File BuildType="BUILD" Toolchain="">.\Generated_Source\PSoC5\USBUART_descr.c</File>
          <File BuildType="BUILD" Toolchain="">.\Generated_Source\PSoC5\USBUART_drv.c</File>
          <File BuildType="BUILD" Toolchain="">.\Generated_Source\PSoC5\USBUART_episr.c</File>
          <File BuildType="BUILD" Toolchain="">.\Generated_Source\PSoC5\USBUART_hid.c</File>
          <File BuildType="BUILD" Toolchain="">.\Generated_Source\PSoC5\USBUART_hid.h</File>
          <File BuildType="BUILD" Toolchain="">.\Generated_Source\PSoC5\USBUART_pm.c</File>
          <File BuildType="BUILD" Toolchain="">.\Generated_Source\PSoC5\USBUART_std.c</File>
          <File BuildType="BUILD" Toolchain="">.\Generated_Source\PSoC5\USBUART_vnd.c</File>
          <File BuildType="BUILD" Toolchain="">.\Generated_Source\PSoC5\USBUART_midi.c</File>
          <File BuildType="BUILD" Toolchain="">.\Generated_Source\PSoC5\USBUART_midi.h</File>
          <File BuildType="BUILD" Toolchain="">.\Generated_Source\PSoC5\USBUART_pvt.h</File>
          <File BuildType="BUILD" Toolchain="">.\Generated_Source\PSoC5\USBUART_cydmac.h</File>
          <File BuildType="BUILD" Toolchain="">.\Generated_Source\PSoC5\USBUART_msc.c</File>
          <File BuildType="BUILD" Toolchain="">.\Generated_Source\PSoC5\USBUART_msc.h</File>
          <File BuildType="BUILD" Toolchain="">.\Generated_Source\PSoC5\Clock2.c</File>
          <File BuildType="BUILD" Toolchain="">.\Generated_Source\PSoC5\Clock2.h</File>
          <File BuildType="BUILD" Toolchain="">.\Generated_Source\PSoC5\CONTROL.h</File>
          <File BuildType="BUILD" Toolchain="">.\Generated_Source\PSoC5\CONTROL.c</File>
          <File BuildType="BUILD" Toolchain="">.\Generated_Source\PSoC5\CONTROL_PM.c</File>
          <File BuildType="BUILD" Toolchain="">.\Generated_Source\PSoC5\ADC_SAR.c</File>
          <File BuildType="BUILD" Toolchain="">.\Generated_Source\PSoC5\ADC_SAR.h</File>
          <File BuildType="BUILD" Toolchain="">.\Generated_Source\PSoC5\ADC_SAR_INT.c</File>
          <File BuildType="BUILD" Toolchain="">.\Generated_Source\PSoC5\ADC_SAR_PM.c</File>
          <File BuildType="BUILD" Toolchain="">.\Generated_Source\PSoC5\ADC_IntClock.c</File>
          <File BuildType="BUILD" Toolchain="">.\Generated_Source\PSoC5\ADC_IntClock.h</File>
          <File BuildType="BUILD" Toolchain="">.\Generated_Source\PSoC5\ADC_TempBuf_dma.c</File>
          <File BuildType="BUILD" Toolchain="">.\Generated_Source\PSoC5\ADC_TempBuf_dma.h</File>
          <File BuildType="BUILD" Toolchain="">.\Generated_Source\PSoC5\ADC_FinalBuf_dma.c</File>
          <File BuildType="BUILD" Toolchain="">.\Generated_Source\PSoC5\ADC_FinalBuf_dma.h</File>
          <File BuildType="BUILD" Toolchain="">.\Generated_Source\PSoC5\ADC_IRQ.c</File>
          <File BuildType="BUILD" Toolchain="">.\Generated_Source\PSoC5\ADC_IRQ.h</File>
          <File BuildType="BUILD" Toolchain="">.\Generated_Source\PSoC5\USBUART_Dm_aliases.h</File>
          <File BuildType="BUILD" Toolchain="">.\Generated_Source\PSoC5\USBUART_Dm.c</File>
          <File BuildType="BUILD" Toolchain="">.\Generated_Source\PSoC5\USBUART_Dm.h</File>
          <File BuildType="BUILD" Toolchain="">.\Generated_Source\PSoC5\USBUART_Dp_aliases.h</File>
          <File BuildType="BUILD" Toolchain="">.\Generated_Source\PSoC5\USBUART_Dp.c</File>
          <File BuildType="BUILD" Toolchain="">.\Generated_Source\PSoC5\USBUART_Dp.h</File>
          <File BuildType="BUILD" Toolchain="">.\Generated_Source\PSoC5\cm3gcc.ld</File>
          <File BuildType="BUILD" Toolchain="">.\Generated_Source\PSoC5\Cm3RealView.scat</File>
          <File BuildType="BUILD" Toolchain="">.\Generated_Source\PSoC5\Cm3Start.c</File>
          <File BuildType="BUILD" Toolchain="">.\Generated_Source\PSoC5\core_cm3_psoc5.h</File>
          <File BuildType="BUILD" Toolchain="">.\Generated_Source\PSoC5\core_cm3.h</File>
          <File BuildType="BUILD" Toolchain="ARM GCC Generic">.\Generated_Source\PSoC5\CyBootAsmGnu.s</File>
          <File BuildType="BUILD" Toolchain="ARM MDK Generic">.\Generated_Source\PSoC5\CyBootAsmRv.s</File>
          <File BuildType="BUILD" Toolchain="">.\Generated_Source\PSoC5\CyDmac.c</File>
          <File BuildType="BUILD" Toolchain="">.\Generated_Source\PSoC5\CyDmac.h</File>
          <File BuildType="BUILD" Toolchain="">.\Generated_Source\PSoC5\CyFlash.c</File>
          <File BuildType="BUILD" Toolchain="">.\Generated_Source\PSoC5\CyFlash.h</File>
          <File BuildType="BUILD" Toolchain="">.\Generated_Source\PSoC5\CyLib.c</File>
          <File BuildType="BUILD" Toolchain="">.\Generated_Source\PSoC5\CyLib.h</File>
          <File BuildType="BUILD" Toolchain="">.\Generated_Source\PSoC5\cypins.h</File>
          <File BuildType="BUILD" Toolchain="">.\Generated_Source\PSoC5\cyPm.c</File>
          <File BuildType="BUILD" Toolchain="">.\Generated_Source\PSoC5\cyPm.h</File>
          <File BuildType="BUILD" Toolchain="">.\Generated_Source\PSoC5\CySpc.c</File>
          <File BuildType="BUILD" Toolchain="">.\Generated_Source\PSoC5\CySpc.h</File>
          <File BuildType="BUILD" Toolchain="">.\Generated_Source\PSoC5\cytypes.h</File>
          <File BuildType="BUILD" Toolchain="">.\Generated_Source\PSoC5\cyutils.c</File>
          <File BuildType="BUILD" Toolchain="">.\Generated_Source\PSoC5\core_cmFunc.h</File>
          <File BuildType="BUILD" Toolchain="">.\Generated_Source\PSoC5\core_cmInstr.h</File>
          <File BuildType="BUILD" Toolchain="">.\Generated_Source\PSoC5\Cm3Iar.icf</File>
          <File BuildType="BUILD" Toolchain="ARM IAR Generic">.\Generated_Source\PSoC5\CyBootAsmIar.s</File>
          <File BuildType="BUILD" Toolchain="">.\Generated_Source\PSoC5\cmsis_armcc.h</File>
          <File BuildType="BUILD" Toolchain="">.\Generated_Source\PSoC5\cmsis_gcc.h</File>
          <File BuildType="BUILD" Toolchain="">.\Generated_Source\PSoC5\project.h</File>
          <File BuildType="BUILD" Toolchain="">.\Generated_Source\PSoC5\PWM_1.c</File>
          <File BuildType="BUILD" Toolchain="">.\Generated_Source\PSoC5\PWM_1.h</File>
          <File BuildType="BUILD" Toolchain="">.\Generated_Source\PSoC5\PWM_1_PM.c</File>
          <File BuildType="BUILD" Toolchain="">.\Generated_Source\PSoC5\Clock_PWM.c</File>
          <File BuildType="BUILD" Toolchain="">.\Generated_Source\PSoC5\Clock_PWM.h</File>
          <File BuildType="BUILD" Toolchain="">.\Generated_Source\PSoC5\Clock_QENC.c</File>
          <File BuildType="BUILD" Toolchain="">.\Generated_Source\PSoC5\Clock_QENC.h</File>
          <File BuildType="BUILD" Toolchain="">.\Generated_Source\PSoC5\M1_IN1_aliases.h</File>
          <File BuildType="BUILD" Toolchain="">.\Generated_Source\PSoC5\M1_IN1.c</File>
          <File BuildType="BUILD" Toolchain="">.\Generated_Source\PSoC5\M1_IN1.h</File>
          <File BuildType="BUILD" Toolchain="">.\Generated_Source\PSoC5\M1_IN2_aliases.h</File>
          <File BuildType="BUILD" Toolchain="">.\Generated_Source\PSoC5\M1_IN2.c</File>
          <File BuildType="BUILD" Toolchain="">.\Generated_Source\PSoC5\M1_IN2.h</File>
          <File BuildType="BUILD" Toolchain="">.\Generated_Source\PSoC5\M2_IN1_aliases.h</File>
          <File BuildType="BUILD" Toolchain="">.\Generated_Source\PSoC5\M2_IN1.c</File>
          <File BuildType="BUILD" Toolchain="">.\Generated_Source\PSoC5\M2_IN1.h</File>
          <File BuildType="BUILD" Toolchain="">.\Generated_Source\PSoC5\M2_IN2_aliases.h</File>
          <File BuildType="BUILD" Toolchain="">.\Generated_Source\PSoC5\M2_IN2.c</File>
          <File BuildType="BUILD" Toolchain="">.\Generated_Source\PSoC5\M2_IN2.h</File>
          <File BuildType="BUILD" Toolchain="">.\Generated_Source\PSoC5\M2_D1_aliases.h</File>
          <File BuildType="BUILD" Toolchain="">.\Generated_Source\PSoC5\M2_D1.c</File>
          <File BuildType="BUILD" Toolchain="">.\Generated_Source\PSoC5\M2_D1.h</File>
          <File BuildType="BUILD" Toolchain="">.\Generated_Source\PSoC5\M1_QA_aliases.h</File>
          <File BuildType="BUILD" Toolchain="">.\Generated_Source\PSoC5\M1_QA.c</File>
          <File BuildType="BUILD" Toolchain="">.\Generated_Source\PSoC5\M1_QA.h</File>
          <File BuildType="BUILD" Toolchain="">.\Generated_Source\PSoC5\M1_QB_aliases.h</File>
          <File BuildType="BUILD" Toolchain="">.\Generated_Source\PSoC5\M1_QB.c</File>
          <File BuildType="BUILD" Toolchain="">.\Generated_Source\PSoC5\M1_QB.h</File>
          <File BuildType="BUILD" Toolchain="">.\Generated_Source\PSoC5\M2_QA_aliases.h</File>
          <File BuildType="BUILD" Toolchain="">.\Generated_Source\PSoC5\M2_QA.c</File>
          <File BuildType="BUILD" Toolchain="">.\Generated_Source\PSoC5\M2_QA.h</File>
          <File BuildType="BUILD" Toolchain="">.\Generated_Source\PSoC5\M2_QB_aliases.h</File>
          <File BuildType="BUILD" Toolchain="">.\Generated_Source\PSoC5\M2_QB.c</File>
          <File BuildType="BUILD" Toolchain="">.\Generated_Source\PSoC5\M2_QB.h</File>
          <File BuildType="BUILD" Toolchain="">.\Generated_Source\PSoC5\M1_D1_aliases.h</File>
          <File BuildType="BUILD" Toolchain="">.\Generated_Source\PSoC5\M1_D1.c</File>
          <File BuildType="BUILD" Toolchain="">.\Generated_Source\PSoC5\M1_D1.h</File>
          <File BuildType="BUILD" Toolchain="">.\Generated_Source\PSoC5\isr_eoc.c</File>
          <File BuildType="BUILD" Toolchain="">.\Generated_Source\PSoC5\isr_eoc.h</File>
          <File BuildType="BUILD" Toolchain="">.\Generated_Source\PSoC5\PWM_2.c</File>
          <File BuildType="BUILD" Toolchain="">.\Generated_Source\PSoC5\PWM_2.h</File>
          <File BuildType="BUILD" Toolchain="">.\Generated_Source\PSoC5\PWM_2_PM.c</File>
          <File BuildType="BUILD" Toolchain="">.\Generated_Source\PSoC5\cycodeshareimport.ld</File>
          <File BuildType="BUILD" Toolchain="">.\Generated_Source\PSoC5\cycodeshareexport.ld</File>
          <File BuildType="BUILD" Toolchain="">.\Generated_Source\PSoC5\cycodeshareimport.scat</File>
          <File BuildType="BUILD" Toolchain="">.\Generated_Source\PSoC5\LED_aliases.h</File>
          <File BuildType="BUILD" Toolchain="">.\Generated_Source\PSoC5\LED.c</File>
          <File BuildType="BUILD" Toolchain="">.\Generated_Source\PSoC5\LED.h</File>
          <File BuildType="BUILD" Toolchain="">.\Generated_Source\PSoC5\QuadDec_M1.c</File>
          <File BuildType="BUILD" Toolchain="">.\Generated_Source\PSoC5\QuadDec_M1.h</File>
          <File BuildType="BUILD" Toolchain="">.\Generated_Source\PSoC5\QuadDec_M1_PM.c</File>
          <File BuildType="BUILD" Toolchain="">.\Generated_Source\PSoC5\QuadDec_M2.c</File>
          <File BuildType="BUILD" Toolchain="">.\Generated_Source\PSoC5\QuadDec_M2.h</File>
          <File BuildType="BUILD" Toolchain="">.\Generated_Source\PSoC5\QuadDec_M2_PM.c</File>
          <File BuildType="BUILD" Toolchain="">.\Generated_Source\PSoC5\QuadDec_M1_Cnt16.c</File>
          <File BuildType="BUILD" Toolchain="">.\Generated_Source\PSoC5\QuadDec_M1_Cnt16.h</File>
          <File BuildType="BUILD" Toolchain="">.\Generated_Source\PSoC5\QuadDec_M1_Cnt16_PM.c</File>
          <File BuildType="BUILD" Toolchain="">.\Generated_Source\PSoC5\QuadDec_M2_Cnt16.c</File>
          <File BuildType="BUILD" Toolchain="">.\Generated_Source\PSoC5\QuadDec_M2_Cnt16.h</File>
          <File BuildType="BUILD" Toolchain="">.\Generated_Source\PSoC5\QuadDec_M2_Cnt16_PM.c</File>
          <File BuildType="BUILD" Toolchain="">.\Generated_Source\PSoC5\DB0_aliases.h</File>
          <File BuildType="BUILD" Toolchain="">.\Generated_Source\PSoC5\DB0.c</File>
          <File BuildType="BUILD" Toolchain="">.\Generated_Source\PSoC5\DB0.h</File>
          <File BuildType="BUILD" Toolchain="">.\Generated_Source\PSoC5\DB1_aliases.h</File>
          <File BuildType="BUILD" Toolchain="">.\Generated_Source\PSoC5\DB1.c</File>
          <File BuildType="BUILD" Toolchain="">.\Generated_Source\PSoC5\DB1.h</File>
          <File BuildType="BUILD" Toolchain="">.\Generated_Source\PSoC5\DB2_aliases.h</File>
          <File BuildType="BUILD" Toolchain="">.\Generated_Source\PSoC5\DB2.c</File>
          <File BuildType="BUILD" Toolchain="">.\Generated_Source\PSoC5\DB2.h</File>
          <File BuildType="BUILD" Toolchain="">.\Generated_Source\PSoC5\isrRF_TX.c</File>
          <File BuildType="BUILD" Toolchain="">.\Generated_Source\PSoC5\isrRF_TX.h</File>
          <File BuildType="BUILD" Toolchain="">.\Generated_Source\PSoC5\isrRF_RX.c</File>
          <File BuildType="BUILD" Toolchain="">.\Generated_Source\PSoC5\isrRF_RX.h</File>
          <File BuildType="BUILD" Toolchain="">.\Generated_Source\PSoC5\UART.c</File>
          <File BuildType="BUILD" Toolchain="">.\Generated_Source\PSoC5\UART.h</File>
          <File BuildType="BUILD" Toolchain="">.\Generated_Source\PSoC5\UART_PM.c</File>
          <File BuildType="BUILD" Toolchain="">.\Generated_Source\PSoC5\UART_INT.c</File>
          <File BuildType="BUILD" Toolchain="">.\Generated_Source\PSoC5\UART_BOOT.c</File>
          <File BuildType="BUILD" Toolchain="">.\Generated_Source\PSoC5\UART_IntClock.c</File>
          <File BuildType="BUILD" Toolchain="">.\Generated_Source\PSoC5\UART_IntClock.h</File>
          <File BuildType="BUILD" Toolchain="">.\Generated_Source\PSoC5\RF_BT_SELECT.h</File>
          <File BuildType="BUILD" Toolchain="">.\Generated_Source\PSoC5\RF_BT_SELECT.c</File>
          <File BuildType="BUILD" Toolchain="">.\Generated_Source\PSoC5\RF_BT_SELECT_PM.c</File>
        </Files>
      </Folder>
      <Folder BuildType="STRICT" Path="D:\CS301_Class.cydsn\Export\ARM_GCC_Generic">
        <Files Root="D:\CS301_Class.cydsn">
          <File BuildType="BUILD" Toolchain="ARM GCC Generic">.\Export\ARM_GCC_Generic\CyComponentLibrary.a</File>
        </Files>
      </Folder>
      <Folder BuildType="STRICT" Path="D:\CS301_Class.cydsn\Export\ARM_MDK_Generic">
        <Files Root="D:\CS301_Class.cydsn">
          <File BuildType="BUILD" Toolchain="ARM MDK Generic">.\Export\ARM_MDK_Generic\CyComponentLibrary.a</File>
        </Files>
      </Folder>
      <Folder BuildType="STRICT" Path="D:\CS301_Class.cydsn\Export\ARM_IAR_Generic">
        <Files Root="D:\CS301_Class.cydsn">
          <File BuildType="BUILD" Toolchain="ARM IAR Generic">.\Export\ARM_IAR_Generic\CyComponentLibrary.a</File>
        </Files>
      </Folder>
      <Folder BuildType="EXCLUDE" Path=".\codegentemp">
        <Files Root="D:\CS301_Class.cydsn" />
      </Folder>
      <Folder BuildType="EXCLUDE" Path=".\ARM_GCC_441">
        <Files Root="D:\CS301_Class.cydsn" />
      </Folder>
      <Folder BuildType="EXCLUDE" Path=".\ARM_GCC_473">
        <Files Root="D:\CS301_Class.cydsn" />
      </Folder>
      <Folder BuildType="EXCLUDE" Path=".\DP8051_Keil_952">
        <Files Root="D:\CS301_Class.cydsn" />
      </Folder>
      <Folder BuildType="EXCLUDE" Path=".\DP8051">
        <Files Root="D:\CS301_Class.cydsn" />
      </Folder>
      <Folder BuildType="EXCLUDE" Path=".\CortexM0">
        <Files Root="D:\CS301_Class.cydsn" />
      </Folder>
      <Folder BuildType="EXCLUDE" Path=".\CortexM0p">
        <Files Root="D:\CS301_Class.cydsn" />
      </Folder>
      <Folder BuildType="EXCLUDE" Path=".\CortexM3">
        <Files Root="D:\CS301_Class.cydsn" />
      </Folder>
      <Folder BuildType="EXCLUDE" Path=".\CortexM4">
        <Files Root="D:\CS301_Class.cydsn" />
      </Folder>
      <Folder BuildType="EXCLUDE" Path=".\CortexM7">
        <Files Root="D:\CS301_Class.cydsn" />
      </Folder>
      <Folder BuildType="EXCLUDE" Path=".\Generated_Source\PSoC3">
        <Files Root="D:\CS301_Class.cydsn" />
      </Folder>
      <Folder BuildType="EXCLUDE" Path=".\Generated_Source\PSoC4">
        <Files Root="D:\CS301_Class.cydsn" />
      </Folder>
    </Folders>
  </Project>
</PSoCCreatorIdeExport>